0,1,2,3,4,5,6,7
tensor(1.2454),tensor(9.5150e-05),tensor(0.0674),tensor(-0.1016),tensor(0.3013),tensor(0.0737),tensor(0.4451),tensor(0.9573)
tensor(1.2443),tensor(0.0014),tensor(0.0316),tensor(-0.1744),tensor(0.0354),tensor(-0.0877),tensor(0.1747),tensor(0.8628)
tensor(1.2426),tensor(0.0016),tensor(0.0179),tensor(-0.2463),tensor(0.0257),tensor(-0.0141),tensor(0.0358),tensor(0.6147)
tensor(1.2404),tensor(0.0019),tensor(-0.0058),tensor(-0.2998),tensor(0.0333),tensor(0.0659),tensor(-0.0195),tensor(-0.5517)
tensor(1.2377),tensor(-2.8256e-06),tensor(-0.0955),tensor(-0.3901),tensor(-0.5122),tensor(0.0519),tensor(-1.2473),tensor(0.6828)
tensor(1.2342),tensor(-0.0062),tensor(-0.1211),tensor(-0.4820),tensor(-1.0294),tensor(-0.5469),tensor(-1.3086),tensor(1.3248)
tensor(1.2299),tensor(-0.0136),tensor(-0.1045),tensor(-0.5891),tensor(-0.8162),tensor(-0.1606),tensor(-1.6379),tensor(2.6388)
tensor(1.2249),tensor(-0.0209),tensor(-0.0451),tensor(-0.6657),tensor(-1.0229),tensor(-1.1179),tensor(-0.2934),tensor(2.0415)
tensor(1.2193),tensor(-0.0270),tensor(0.0439),tensor(-0.7244),tensor(-0.5089),tensor(-1.1738),tensor(1.0052),tensor(0.6490)
tensor(1.2137),tensor(-0.0336),tensor(0.0553),tensor(-0.6321),tensor(-1.1395),tensor(-1.9042),tensor(0.8172),tensor(0.7877)
tensor(1.2091),tensor(-0.0426),tensor(0.0169),tensor(-0.5257),tensor(-1.1076),tensor(-1.3331),tensor(-0.0097),tensor(-0.6560)
tensor(1.2052),tensor(-0.0546),tensor(-0.0006),tensor(-0.4440),tensor(-1.8897),tensor(-2.1857),tensor(-0.1227),tensor(-0.9426)
tensor(1.2022),tensor(-0.0649),tensor(0.2151),tensor(-0.3159),tensor(-0.7041),tensor(-1.3225),tensor(0.4762),tensor(-0.2189)
tensor(1.2001),tensor(-0.0668),tensor(0.3740),tensor(-0.1973),tensor(0.2490),tensor(-0.5163),tensor(0.7933),tensor(-0.1019)
tensor(1.1991),tensor(-0.0628),tensor(0.3262),tensor(-0.0519),tensor(0.7396),tensor(0.4626),tensor(0.2402),tensor(-0.7126)
tensor(1.1991),tensor(-0.0549),tensor(0.4105),tensor(0.0399),tensor(1.2394),tensor(0.3763),tensor(1.4311),tensor(-1.4221)
tensor(1.1999),tensor(-0.0489),tensor(0.1792),tensor(0.1549),tensor(0.2893),tensor(-0.0501),tensor(0.5953),tensor(-1.9940)
tensor(1.2013),tensor(-0.0462),tensor(0.0992),tensor(0.1986),tensor(0.3951),tensor(0.3847),tensor(0.1810),tensor(-1.6974)
tensor(1.2029),tensor(-0.0457),tensor(-0.0433),tensor(0.1973),tensor(-0.2698),tensor(0.2266),tensor(-0.8294),tensor(-0.7542)
tensor(1.2046),tensor(-0.0532),tensor(-0.2176),tensor(0.2191),tensor(-1.5994),tensor(-0.9923),tensor(-1.2216),tensor(-0.5548)
tensor(1.2064),tensor(-0.0604),tensor(-0.1499),tensor(0.2469),tensor(-0.2035),tensor(0.4561),tensor(-0.8405),tensor(-0.8755)
tensor(1.2080),tensor(-0.0635),tensor(-0.0756),tensor(0.1461),tensor(-0.5809),tensor(-0.7570),tensor(0.3916),tensor(0.0716)
tensor(1.2090),tensor(-0.0642),tensor(-0.0414),tensor(0.0915),tensor(0.4056),tensor(0.6515),tensor(-0.1569),tensor(0.3429)
tensor(1.2096),tensor(-0.0599),tensor(-0.0135),tensor(0.0632),tensor(0.6750),tensor(0.6693),tensor(0.3715),tensor(-0.1564)
tensor(1.2101),tensor(-0.0521),tensor(-0.0820),tensor(0.0636),tensor(1.2702),tensor(2.0417),tensor(-0.7379),tensor(-0.1371)
tensor(1.2108),tensor(-0.0465),tensor(-0.2606),tensor(0.1255),tensor(0.1260),tensor(0.9774),tensor(-0.9095),tensor(-0.8921)
tensor(1.2118),tensor(-0.0491),tensor(-0.3792),tensor(0.1085),tensor(-0.7591),tensor(0.2239),tensor(-1.3126),tensor(-0.3811)
tensor(1.2126),tensor(-0.0558),tensor(-0.3951),tensor(0.0942),tensor(-0.9266),tensor(-0.1995),tensor(-0.8550),tensor(-0.3877)
tensor(1.2132),tensor(-0.0577),tensor(-0.2405),tensor(0.0484),tensor(0.4562),tensor(0.7768),tensor(0.1677),tensor(-0.3339)
tensor(1.2132),tensor(-0.0570),tensor(-0.2657),tensor(-0.0308),tensor(-0.2815),tensor(-0.2698),tensor(0.4029),tensor(0.1574)
tensor(1.2130),tensor(-0.0586),tensor(-0.2844),tensor(-0.0281),tensor(-0.1358),tensor(-0.1974),tensor(0.6728),tensor(-0.4269)
tensor(1.2125),tensor(-0.0589),tensor(-0.2199),tensor(-0.0986),tensor(0.0768),tensor(-0.4033),tensor(1.3860),tensor(-0.1606)
tensor(1.2113),tensor(-0.0580),tensor(-0.1311),tensor(-0.2083),tensor(0.1445),tensor(-0.9313),tensor(2.3954),tensor(0.9623)
tensor(1.2095),tensor(-0.0547),tensor(-0.1803),tensor(-0.2191),tensor(0.6044),tensor(0.2329),tensor(1.2707),tensor(0.5141)
tensor(1.2079),tensor(-0.0526),tensor(-0.3196),tensor(-0.1575),tensor(-0.0727),tensor(0.1236),tensor(0.2084),tensor(0.0750)
tensor(1.2068),tensor(-0.0535),tensor(-0.2945),tensor(-0.1198),tensor(-0.1464),tensor(0.1335),tensor(-0.1015),tensor(0.5738)
tensor(1.2061),tensor(-0.0561),tensor(-0.3301),tensor(-0.0662),tensor(-0.4931),tensor(0.3145),tensor(-1.2781),tensor(1.7143)
tensor(1.2058),tensor(-0.0570),tensor(-0.2083),tensor(-0.0167),tensor(0.2298),tensor(0.7312),tensor(-0.5945),tensor(1.1352)
tensor(1.2056),tensor(-0.0615),tensor(-0.4035),tensor(-0.0357),tensor(-1.3349),tensor(-0.3320),tensor(-1.7300),tensor(0.3075)
tensor(1.2051),tensor(-0.0747),tensor(-0.4818),tensor(-0.0769),tensor(-1.9719),tensor(-0.7435),tensor(-2.1629),tensor(-0.0898)
tensor(1.2044),tensor(-0.0888),tensor(-0.4552),tensor(-0.0746),tensor(-1.5333),tensor(-0.3747),tensor(-1.8168),tensor(-0.4516)
tensor(1.2042),tensor(-0.0968),tensor(-0.3973),tensor(0.0147),tensor(-0.4731),tensor(0.2669),tensor(-0.5814),tensor(-1.5054)
tensor(1.2046),tensor(-0.1037),tensor(-0.5334),tensor(0.0892),tensor(-1.2552),tensor(-0.6201),tensor(-0.3798),tensor(-1.9047)
tensor(1.2052),tensor(-0.1122),tensor(-0.4839),tensor(0.0648),tensor(-0.8620),tensor(-0.4843),tensor(0.0691),tensor(-1.1551)
tensor(1.2055),tensor(-0.1226),tensor(-0.5878),tensor(-0.0106),tensor(-1.7540),tensor(-0.9861),tensor(-0.9648),tensor(0.2389)
tensor(1.2052),tensor(-0.1403),tensor(-0.7336),tensor(-0.0601),tensor(-2.6728),tensor(-1.5245),tensor(-1.7812),tensor(0.6235)
tensor(1.2049),tensor(-0.1594),tensor(-0.7354),tensor(-0.0166),tensor(-2.0869),tensor(-1.0478),tensor(-1.2224),tensor(-0.2965)
tensor(1.2047),tensor(-0.1755),tensor(-0.7833),tensor(-0.0369),tensor(-1.9471),tensor(-0.6531),tensor(-1.5698),tensor(-0.0719)
tensor(1.2040),tensor(-0.1912),tensor(-0.7339),tensor(-0.1289),tensor(-1.9906),tensor(-1.0636),tensor(-1.0437),tensor(0.8217)
tensor(1.2026),tensor(-0.2062),tensor(-0.6795),tensor(-0.1980),tensor(-1.7554),tensor(-0.9119),tensor(-0.9608),tensor(1.9497)
tensor(1.2478),tensor(-0.0059),tensor(-0.0335),tensor(-0.0771),tensor(-0.9911),tensor(-1.4258),tensor(0.4829),tensor(-0.2164)
tensor(1.2469),tensor(-0.0137),tensor(-0.0460),tensor(-0.1586),tensor(-0.9360),tensor(-1.1924),tensor(0.1604),tensor(0.0128)
tensor(1.2452),tensor(-0.0171),tensor(0.0282),tensor(-0.2581),tensor(0.0911),tensor(0.0698),tensor(0.0010),tensor(1.0112)
tensor(1.2429),tensor(-0.0158),tensor(0.0258),tensor(-0.3268),tensor(0.2395),tensor(0.2959),tensor(-0.0631),tensor(0.5695)
tensor(1.2400),tensor(-0.0134),tensor(-0.0107),tensor(-0.3904),tensor(0.3674),tensor(0.7865),tensor(-0.6546),tensor(0.1263)
tensor(1.2366),tensor(-0.0048),tensor(0.1055),tensor(-0.4640),tensor(1.7927),tensor(2.1576),tensor(-0.0400),tensor(-0.6572)
tensor(1.2325),tensor(0.0058),tensor(0.0662),tensor(-0.5544),tensor(0.8675),tensor(0.9577),tensor(0.1226),tensor(-0.0875)
tensor(1.2277),tensor(0.0099),tensor(0.0272),tensor(-0.6514),tensor(0.2161),tensor(0.3060),tensor(-0.1650),tensor(1.0822)
tensor(1.2222),tensor(0.0062),tensor(-0.0753),tensor(-0.7274),tensor(-1.1442),tensor(-1.1237),tensor(-0.5051),tensor(1.4479)
tensor(1.2159),tensor(0.0013),tensor(0.0663),tensor(-0.8299),tensor(-0.1341),tensor(-0.5567),tensor(0.6114),tensor(1.8470)
tensor(1.2097),tensor(-0.0024),tensor(0.0552),tensor(-0.6889),tensor(-0.8585),tensor(-1.3749),tensor(0.4879),tensor(0.7523)
tensor(1.2048),tensor(-0.0081),tensor(0.0575),tensor(-0.5502),tensor(-0.5758),tensor(-0.6347),tensor(-0.1853),tensor(-0.6503)
tensor(1.2009),tensor(-0.0086),tensor(0.0940),tensor(-0.3838),tensor(0.4722),tensor(0.6579),tensor(-0.1721),tensor(-1.8039)
tensor(1.1986),tensor(-0.0038),tensor(0.1000),tensor(-0.1911),tensor(0.7096),tensor(0.8499),tensor(-0.0502),tensor(-1.1485)
tensor(1.1978),tensor(-2.3748e-05),tensor(-0.0112),tensor(-0.0268),tensor(0.2440),tensor(0.3865),tensor(0.0040),tensor(-1.3067)
tensor(1.1979),tensor(0.0011),tensor(0.0208),tensor(0.0386),tensor(0.0441),tensor(0.0461),tensor(0.0031),tensor(-0.1415)
tensor(1.1984),tensor(0.0017),tensor(0.0790),tensor(0.0797),tensor(0.1013),tensor(0.0003),tensor(0.0280),tensor(0.5017)
tensor(1.1991),tensor(-0.0035),tensor(-0.0262),tensor(0.1099),tensor(-1.3954),tensor(-1.3695),tensor(-0.6721),tensor(1.2256)
tensor(1.2002),tensor(-0.0086),tensor(0.2003),tensor(0.1538),tensor(0.1181),tensor(-0.3105),tensor(0.3344),tensor(1.3800)
tensor(1.2015),tensor(-0.0030),tensor(0.2804),tensor(0.1641),tensor(1.0909),tensor(0.6421),tensor(0.6958),tensor(0.1423)
tensor(1.2029),tensor(0.0034),tensor(0.2805),tensor(0.1858),tensor(0.5248),tensor(0.1070),tensor(0.2834),tensor(1.3347)
tensor(1.2044),tensor(0.0036),tensor(0.2408),tensor(0.2064),tensor(-0.4743),tensor(-0.9603),tensor(0.0311),tensor(1.8954)
tensor(1.2062),tensor(-0.0023),tensor(0.2665),tensor(0.2431),tensor(-0.9765),tensor(-1.5950),tensor(-0.0582),tensor(2.8521)
tensor(1.2082),tensor(-0.0165),tensor(0.0913),tensor(0.2398),tensor(-2.5809),tensor(-2.7268),tensor(-1.2366),tensor(2.8530)
tensor(1.2101),tensor(-0.0331),tensor(0.1815),tensor(0.2341),tensor(-1.5804),tensor(-1.6249),tensor(-1.1327),tensor(2.4781)
tensor(1.2118),tensor(-0.0434),tensor(0.1318),tensor(0.2078),tensor(-0.9779),tensor(-0.0541),tensor(-2.5915),tensor(2.4654)
tensor(1.2133),tensor(-0.0517),tensor(0.0353),tensor(0.1573),tensor(-1.1130),tensor(0.4799),tensor(-3.6809),tensor(1.6718)
tensor(1.2143),tensor(-0.0592),tensor(0.0220),tensor(0.0808),tensor(-0.7510),tensor(1.2111),tensor(-4.1439),tensor(1.4526)
tensor(1.2146),tensor(-0.0687),tensor(-0.0199),tensor(-0.0023),tensor(-1.6140),tensor(0.0085),tensor(-3.7172),tensor(0.8251)
tensor(1.2142),tensor(-0.0803),tensor(0.0513),tensor(-0.0822),tensor(-1.2888),tensor(-0.0729),tensor(-2.8615),tensor(0.6195)
tensor(1.2132),tensor(-0.0910),tensor(0.0456),tensor(-0.1705),tensor(-1.3875),tensor(-0.1575),tensor(-2.9108),tensor(0.8177)
tensor(1.2118),tensor(-0.0999),tensor(0.1619),tensor(-0.1903),tensor(-0.8414),tensor(0.1298),tensor(-2.5259),tensor(1.7433)
tensor(1.2103),tensor(-0.1020),tensor(0.3187),tensor(-0.1751),tensor(0.3262),tensor(0.7762),tensor(-1.2837),tensor(0.4925)
tensor(1.2089),tensor(-0.0968),tensor(0.4275),tensor(-0.1602),tensor(0.9565),tensor(1.3849),tensor(-1.3407),tensor(1.4849)
tensor(1.2080),tensor(-0.0865),tensor(0.6246),tensor(-0.0761),tensor(1.6183),tensor(1.4135),tensor(-0.3911),tensor(2.2189)
tensor(1.2075),tensor(-0.0757),tensor(0.6426),tensor(-0.0411),tensor(1.0761),tensor(0.8333),tensor(-0.6893),tensor(2.9188)
tensor(1.2072),tensor(-0.0688),tensor(0.6091),tensor(-0.0294),tensor(0.6520),tensor(0.9468),tensor(-1.9363),tensor(4.0451)
tensor(1.2072),tensor(-0.0597),tensor(0.7175),tensor(0.0335),tensor(1.2822),tensor(1.6340),tensor(-2.0540),tensor(4.4726)
tensor(1.2074),tensor(-0.0549),tensor(0.6077),tensor(0.0123),tensor(0.0123),tensor(0.6139),tensor(-2.8095),tensor(4.3842)
tensor(1.2075),tensor(-0.0577),tensor(0.5788),tensor(-0.0002),tensor(-0.7230),tensor(-0.0903),tensor(-3.1221),tensor(4.6995)
tensor(1.2077),tensor(-0.0621),tensor(0.7420),tensor(0.0653),tensor(-0.3593),tensor(-0.2001),tensor(-2.5264),tensor(5.7547)
tensor(1.2080),tensor(-0.0707),tensor(0.6201),tensor(0.0030),tensor(-1.7974),tensor(-1.2593),tensor(-3.6988),tensor(6.6028)
tensor(1.2081),tensor(-0.0829),tensor(0.6997),tensor(0.0006),tensor(-1.2396),tensor(-0.5400),tensor(-4.0117),tensor(7.1409)
tensor(1.2077),tensor(-0.0968),tensor(0.6092),tensor(-0.1034),tensor(-2.2260),tensor(-1.0958),tensor(-5.2095),tensor(8.2651)
tensor(1.2067),tensor(-0.1111),tensor(0.6855),tensor(-0.1302),tensor(-1.3442),tensor(-0.1040),tensor(-5.1758),tensor(7.7298)
tensor(1.2054),tensor(-0.1223),tensor(0.7188),tensor(-0.1971),tensor(-1.4716),tensor(-0.3113),tensor(-5.2791),tensor(8.3482)
tensor(1.2035),tensor(-0.1315),tensor(0.7011),tensor(-0.2961),tensor(-0.8321),tensor(0.8368),tensor(-5.9448),tensor(7.4622)
tensor(1.2008),tensor(-0.1417),tensor(0.5738),tensor(-0.3503),tensor(-1.7052),tensor(0.0823),tensor(-6.2548),tensor(3.8497)
tensor(1.1978),tensor(-0.1557),tensor(0.5179),tensor(-0.4199),tensor(-1.7943),tensor(0.1156),tensor(-6.4599),tensor(1.0037)
tensor(1.1940),tensor(-0.1695),tensor(0.4915),tensor(-0.5278),tensor(-1.6438),tensor(0.4360),tensor(-6.7476),tensor(-0.3185)
tensor(1.1895),tensor(-0.1803),tensor(0.5266),tensor(-0.6063),tensor(-1.1109),tensor(0.9668),tensor(-6.5674),tensor(-0.8587)
tensor(1.1843),tensor(-0.1905),tensor(0.5318),tensor(-0.6981),tensor(-1.3822),tensor(0.4092),tensor(-6.1485),tensor(-1.0170)
tensor(1.1780),tensor(-0.2041),tensor(0.4564),tensor(-0.8791),tensor(-2.0227),tensor(-0.1227),tensor(-6.6389),tensor(-1.0113)
tensor(1.2536),tensor(-0.0034),tensor(-0.0514),tensor(-0.0902),tensor(-0.7634),tensor(-0.7888),tensor(-0.2518),tensor(0.7764)
tensor(1.2526),tensor(-0.0132),tensor(-0.1359),tensor(-0.1606),tensor(-1.6915),tensor(-1.6922),tensor(-0.5848),tensor(0.5496)
tensor(1.2510),tensor(-0.0256),tensor(-0.1706),tensor(-0.2484),tensor(-1.4102),tensor(-0.8086),tensor(-1.6393),tensor(1.2632)
tensor(1.2487),tensor(-0.0366),tensor(-0.1146),tensor(-0.3228),tensor(-1.3521),tensor(-1.2954),tensor(-0.5746),tensor(0.4707)
tensor(1.2459),tensor(-0.0446),tensor(-0.0628),tensor(-0.3833),tensor(-0.6423),tensor(-0.6283),tensor(-0.2019),tensor(-0.4928)
tensor(1.2425),tensor(-0.0457),tensor(0.0626),tensor(-0.4529),tensor(0.3655),tensor(-0.0582),tensor(0.9718),tensor(-1.1843)
tensor(1.2387),tensor(-0.0392),tensor(0.1691),tensor(-0.5180),tensor(1.2589),tensor(0.4315),tensor(2.0726),tensor(-2.2876)
tensor(1.2341),tensor(-0.0274),tensor(0.1549),tensor(-0.6179),tensor(1.6160),tensor(1.3352),tensor(1.1073),tensor(-1.0148)
tensor(1.2289),tensor(-0.0130),tensor(0.1345),tensor(-0.6979),tensor(2.0094),tensor(2.2359),tensor(0.2911),tensor(-0.7285)
tensor(1.2230),tensor(0.0045),tensor(0.1288),tensor(-0.7758),tensor(2.3689),tensor(2.8953),tensor(-0.1278),tensor(-0.8899)
tensor(1.2165),tensor(0.0170),tensor(0.0011),tensor(-0.8014),tensor(0.8475),tensor(1.1718),tensor(-0.1884),tensor(-0.7056)
tensor(1.2103),tensor(0.0193),tensor(-0.1477),tensor(-0.7446),tensor(-0.1836),tensor(0.2412),tensor(-0.6328),tensor(1.0466)
tensor(1.2051),tensor(0.0167),tensor(-0.2262),tensor(-0.5349),tensor(-0.4259),tensor(-0.1104),tensor(-0.3371),tensor(0.6681)
tensor(1.2016),tensor(0.0134),tensor(-0.1268),tensor(-0.3555),tensor(-0.3840),tensor(-0.3099),tensor(-0.1893),tensor(1.5386)
tensor(1.1995),tensor(0.0082),tensor(-0.1972),tensor(-0.1698),tensor(-0.9261),tensor(-0.8531),tensor(-0.1976),tensor(0.8283)
tensor(1.1986),tensor(0.0014),tensor(-0.2060),tensor(-0.0511),tensor(-0.7867),tensor(-0.4726),tensor(-0.5711),tensor(0.8046)
tensor(1.1985),tensor(-0.0060),tensor(-0.2530),tensor(0.0188),tensor(-1.0811),tensor(-0.2799),tensor(-1.5512),tensor(1.3654)
tensor(1.1990),tensor(-0.0136),tensor(-0.2380),tensor(0.0846),tensor(-0.8290),tensor(-0.1573),tensor(-1.1508),tensor(0.5727)
tensor(1.1998),tensor(-0.0199),tensor(-0.1125),tensor(0.1260),tensor(-0.7474),tensor(-0.6704),tensor(-0.3185),tensor(1.2214)
tensor(1.2011),tensor(-0.0256),tensor(0.0098),tensor(0.1926),tensor(-0.6833),tensor(-1.0615),tensor(0.2037),tensor(2.2509)
tensor(1.2027),tensor(-0.0307),tensor(-0.0069),tensor(0.2007),tensor(-0.5803),tensor(-0.7163),tensor(-0.1047),tensor(1.2053)
tensor(1.2042),tensor(-0.0345),tensor(0.0001),tensor(0.1852),tensor(-0.3676),tensor(-0.3814),tensor(-0.1947),tensor(0.5022)
tensor(1.2056),tensor(-0.0380),tensor(0.0415),tensor(0.1668),tensor(-0.5156),tensor(-0.8926),tensor(0.3812),tensor(0.2007)
tensor(1.2069),tensor(-0.0442),tensor(0.0771),tensor(0.1536),tensor(-1.0315),tensor(-1.8846),tensor(0.9785),tensor(0.3898)
tensor(1.2079),tensor(-0.0532),tensor(0.0270),tensor(0.1060),tensor(-1.2164),tensor(-1.8717),tensor(0.7016),tensor(-0.5857)
tensor(1.2088),tensor(-0.0589),tensor(0.1919),tensor(0.1134),tensor(-0.2033),tensor(-1.1201),tensor(1.1913),tensor(0.4627)
tensor(1.2097),tensor(-0.0600),tensor(0.1501),tensor(0.1180),tensor(-0.0698),tensor(-0.1848),tensor(-0.2851),tensor(1.4586)
tensor(1.2106),tensor(-0.0588),tensor(0.1890),tensor(0.1116),tensor(0.3623),tensor(0.3128),tensor(-0.2567),tensor(0.9571)
tensor(1.2116),tensor(-0.0541),tensor(0.2096),tensor(0.1281),tensor(0.8184),tensor(1.3320),tensor(-1.2746),tensor(2.0471)
tensor(1.2125),tensor(-0.0512),tensor(0.0781),tensor(0.0929),tensor(-0.1005),tensor(0.7578),tensor(-1.9616),tensor(0.8540)
tensor(1.2130),tensor(-0.0541),tensor(-0.0034),tensor(0.0335),tensor(-0.6113),tensor(0.5803),tensor(-2.5746),tensor(0.6678)
tensor(1.2131),tensor(-0.0595),tensor(0.0323),tensor(0.0085),tensor(-0.7546),tensor(0.3954),tensor(-2.6826),tensor(1.8993)
tensor(1.2130),tensor(-0.0664),tensor(-0.0777),tensor(-0.0497),tensor(-0.9563),tensor(0.9393),tensor(-3.9147),tensor(1.1495)
tensor(1.2123),tensor(-0.0785),tensor(-0.1365),tensor(-0.1204),tensor(-2.0628),tensor(-0.1833),tensor(-4.2450),tensor(2.3139)
tensor(1.2111),tensor(-0.0923),tensor(-0.0990),tensor(-0.1768),tensor(-1.3972),tensor(0.6667),tensor(-4.3071),tensor(1.8752)
tensor(1.2095),tensor(-0.1018),tensor(-0.0283),tensor(-0.2192),tensor(-0.9635),tensor(0.7475),tensor(-3.4970),tensor(0.9540)
tensor(1.2078),tensor(-0.1078),tensor(0.0990),tensor(-0.2123),tensor(-0.5492),tensor(0.8158),tensor(-3.0522),tensor(2.0882)
tensor(1.2057),tensor(-0.1162),tensor(-0.0524),tensor(-0.3126),tensor(-1.5406),tensor(0.4064),tensor(-4.2663),tensor(1.6010)
tensor(1.2029),tensor(-0.1298),tensor(-0.0701),tensor(-0.3881),tensor(-1.8614),tensor(0.3599),tensor(-4.9448),tensor(2.8246)
tensor(1.1994),tensor(-0.1433),tensor(-0.0964),tensor(-0.4884),tensor(-1.5275),tensor(1.4664),tensor(-6.2672),tensor(3.7071)
tensor(1.1954),tensor(-0.1540),tensor(-0.0257),tensor(-0.5117),tensor(-1.5894),tensor(1.1639),tensor(-6.0483),tensor(4.5043)
tensor(1.1913),tensor(-0.1684),tensor(0.0555),tensor(-0.5033),tensor(-1.9218),tensor(0.3653),tensor(-5.5557),tensor(5.2713)
tensor(1.1872),tensor(-0.1848),tensor(0.0867),tensor(-0.5226),tensor(-2.1352),tensor(-0.0208),tensor(-5.3817),tensor(5.1073)
tensor(1.1833),tensor(-0.2002),tensor(0.2178),tensor(-0.4549),tensor(-1.6994),tensor(-0.1593),tensor(-4.3538),tensor(4.5760)
tensor(1.2489),tensor(0.0058),tensor(0.0441),tensor(-0.1042),tensor(0.3026),tensor(0.3424),tensor(-0.0410),tensor(1.2699)
tensor(1.2477),tensor(0.0066),tensor(-0.0022),tensor(-0.1934),tensor(-0.0901),tensor(0.1692),tensor(-0.6237),tensor(2.1405)
tensor(1.2457),tensor(0.0014),tensor(-0.0589),tensor(-0.2853),tensor(-1.2133),tensor(-1.1961),tensor(-0.5957),tensor(2.9417)
tensor(1.2431),tensor(-0.0056),tensor(-0.0588),tensor(-0.3782),tensor(-0.5415),tensor(0.0852),tensor(-1.5395),tensor(3.8379)
tensor(1.2397),tensor(-0.0116),tensor(-0.0561),tensor(-0.4638),tensor(-0.9577),tensor(-0.6535),tensor(-1.0837),tensor(3.9321)
tensor(1.2356),tensor(-0.0190),tensor(-0.0499),tensor(-0.5689),tensor(-0.8891),tensor(-0.4375),tensor(-1.3901),tensor(5.1772)
tensor(1.2308),tensor(-0.0225),tensor(-0.0135),tensor(-0.6269),tensor(0.0064),tensor(0.6774),tensor(-1.4288),tensor(4.1163)
tensor(1.2261),tensor(-0.0209),tensor(0.0234),tensor(-0.5019),tensor(0.3781),tensor(1.3966),tensor(-2.0745),tensor(3.2975)
tensor(1.2228),tensor(-0.0208),tensor(0.0169),tensor(-0.3427),tensor(-0.4355),tensor(0.7279),tensor(-2.7799),tensor(3.6982)
tensor(1.2206),tensor(-0.0269),tensor(0.1014),tensor(-0.2018),tensor(-1.1026),tensor(-0.8133),tensor(-1.4646),tensor(2.4827)
tensor(1.2192),tensor(-0.0394),tensor(-0.0040),tensor(-0.1548),tensor(-2.0195),tensor(-1.4011),tensor(-2.0971),tensor(1.3147)
tensor(1.2180),tensor(-0.0573),tensor(-0.0586),tensor(-0.1563),tensor(-2.4409),tensor(-1.7338),tensor(-2.1159),tensor(-0.1575)
tensor(1.2168),tensor(-0.0729),tensor(0.0313),tensor(-0.1584),tensor(-1.4579),tensor(-0.8158),tensor(-1.6072),tensor(-1.2478)
tensor(1.2153),tensor(-0.0837),tensor(-0.0413),tensor(-0.2087),tensor(-1.2417),tensor(0.0625),tensor(-2.5572),tensor(-2.5227)
tensor(1.2134),tensor(-0.0957),tensor(-0.0035),tensor(-0.2632),tensor(-1.7541),tensor(-0.9791),tensor(-1.8166),tensor(-1.9418)
tensor(1.2111),tensor(-0.1061),tensor(0.0624),tensor(-0.3079),tensor(-0.8556),tensor(0.0855),tensor(-1.8682),tensor(-1.9743)
tensor(1.2087),tensor(-0.1131),tensor(0.1783),tensor(-0.2993),tensor(-0.8923),tensor(-0.5636),tensor(-1.0748),tensor(-0.9717)
tensor(1.2062),tensor(-0.1221),tensor(0.1573),tensor(-0.3325),tensor(-1.3457),tensor(-0.9113),tensor(-1.4836),tensor(-0.5239)
tensor(1.2033),tensor(-0.1329),tensor(0.1386),tensor(-0.3701),tensor(-1.3546),tensor(-0.4911),tensor(-2.3175),tensor(0.0239)
tensor(1.2003),tensor(-0.1425),tensor(0.1601),tensor(-0.3947),tensor(-1.0506),tensor(-0.1631),tensor(-2.1925),tensor(-0.8625)
tensor(1.1971),tensor(-0.1529),tensor(0.2208),tensor(-0.3915),tensor(-1.5538),tensor(-1.2160),tensor(-1.5351),tensor(-0.3221)
tensor(1.1939),tensor(-0.1649),tensor(0.1706),tensor(-0.3960),tensor(-1.4344),tensor(-0.7923),tensor(-1.8840),tensor(-1.0404)
tensor(1.1913),tensor(-0.1793),tensor(0.0551),tensor(-0.2492),tensor(-2.1661),tensor(-1.8796),tensor(-1.2192),tensor(-1.1062)
tensor(1.1896),tensor(-0.1963),tensor(-0.0900),tensor(-0.1791),tensor(-2.1001),tensor(-1.1083),tensor(-2.2707),tensor(-0.5007)
tensor(1.1886),tensor(-0.2164),tensor(-0.3302),tensor(-0.0650),tensor(-2.9245),tensor(-1.3532),tensor(-3.1410),tensor(-0.9250)
tensor(1.2516),tensor(0.0034),tensor(-0.0959),tensor(-0.0461),tensor(-0.1541),tensor(0.4308),tensor(-1.0212),tensor(-1.2671)
tensor(1.2509),tensor(0.0025),tensor(-0.0422),tensor(-0.1341),tensor(-0.0399),tensor(0.1714),tensor(-0.3080),tensor(-1.1595)
tensor(1.2495),tensor(0.0033),tensor(0.0195),tensor(-0.2073),tensor(0.2356),tensor(0.0281),tensor(0.5922),tensor(-1.8372)
tensor(1.2475),tensor(0.0025),tensor(-0.0580),tensor(-0.2970),tensor(-0.4164),tensor(-0.3061),tensor(-0.2670),tensor(-0.8175)
tensor(1.2448),tensor(-0.0011),tensor(-0.0298),tensor(-0.3971),tensor(-0.5024),tensor(-0.5944),tensor(0.0099),tensor(0.1017)
tensor(1.2412),tensor(-0.0036),tensor(-0.0136),tensor(-0.4916),tensor(-0.0970),tensor(0.0749),tensor(-0.3988),tensor(0.9649)
tensor(1.2370),tensor(-0.0067),tensor(-0.1055),tensor(-0.5610),tensor(-0.6717),tensor(-0.1278),tensor(-1.2586),tensor(0.9013)
tensor(1.2321),tensor(-0.0079),tensor(0.0489),tensor(-0.6711),tensor(0.3652),tensor(0.4412),tensor(-0.1345),tensor(1.8729)
tensor(1.2263),tensor(-0.0051),tensor(0.0779),tensor(-0.7714),tensor(0.3174),tensor(0.2171),tensor(0.1123),tensor(2.8272)
tensor(1.2199),tensor(-0.0030),tensor(0.0582),tensor(-0.8273),tensor(0.2135),tensor(0.0760),tensor(0.2227),tensor(1.7194)
tensor(1.2129),tensor(-0.0006),tensor(0.1655),tensor(-0.9134),tensor(0.3960),tensor(-0.4305),tensor(1.4747),tensor(2.3367)
tensor(1.2067),tensor(0.0023),tensor(0.2608),tensor(-0.6403),tensor(0.3036),tensor(-0.5288),tensor(1.0303),tensor(2.1466)
tensor(1.2023),tensor(0.0037),tensor(0.2078),tensor(-0.4549),tensor(0.0408),tensor(-0.1655),tensor(-0.1025),tensor(0.6117)
tensor(1.1992),tensor(0.0061),tensor(0.2423),tensor(-0.3330),tensor(0.5740),tensor(0.7108),tensor(-0.4782),tensor(-0.8124)
tensor(1.1972),tensor(0.0105),tensor(0.3120),tensor(-0.1781),tensor(0.5343),tensor(0.3339),tensor(0.0098),tensor(-0.5735)
tensor(1.1963),tensor(0.0166),tensor(0.4516),tensor(-0.0502),tensor(0.9946),tensor(0.1286),tensor(1.1851),tensor(-0.7649)
tensor(1.1962),tensor(0.0239),tensor(0.4740),tensor(0.0304),tensor(0.7566),tensor(0.0471),tensor(0.6610),tensor(0.0767)
tensor(1.1968),tensor(0.0284),tensor(0.4098),tensor(0.1064),tensor(0.4093),tensor(-0.0256),tensor(0.1813),tensor(-0.1805)
tensor(1.1978),tensor(0.0309),tensor(0.4211),tensor(0.1392),tensor(0.2001),tensor(-0.0638),tensor(-0.3204),tensor(0.6551)
tensor(1.1990),tensor(0.0328),tensor(0.4711),tensor(0.1573),tensor(0.2869),tensor(-0.0606),tensor(-0.2310),tensor(0.7668)
tensor(1.2002),tensor(0.0342),tensor(0.4707),tensor(0.1531),tensor(0.0679),tensor(-0.3367),tensor(-0.1611),tensor(0.3553)
tensor(1.2015),tensor(0.0310),tensor(0.4642),tensor(0.1615),tensor(-0.8813),tensor(-1.5492),tensor(-0.1103),tensor(1.2306)
tensor(1.2026),tensor(0.0238),tensor(0.4232),tensor(0.1274),tensor(-0.9076),tensor(-1.3039),tensor(-0.4625),tensor(0.2739)
tensor(1.2035),tensor(0.0210),tensor(0.5504),tensor(0.0979),tensor(0.2232),tensor(-0.2660),tensor(-0.0602),tensor(0.2541)
tensor(1.2042),tensor(0.0253),tensor(0.6349),tensor(0.0694),tensor(0.8435),tensor(0.2341),tensor(0.2526),tensor(0.1475)
tensor(1.2046),tensor(0.0353),tensor(0.6931),tensor(0.0354),tensor(1.6480),tensor(1.2370),tensor(0.0979),tensor(-0.0660)
tensor(1.2048),tensor(0.0510),tensor(0.6220),tensor(0.0079),tensor(2.2777),tensor(2.8068),tensor(-1.2642),tensor(-1.2728)
tensor(1.2048),tensor(0.0623),tensor(0.4797),tensor(0.0030),tensor(0.6785),tensor(1.1307),tensor(-1.4881),tensor(-0.1164)
tensor(1.2049),tensor(0.0650),tensor(0.4121),tensor(0.0231),tensor(0.0731),tensor(0.3164),tensor(-1.1579),tensor(-0.0362)
tensor(1.2049),tensor(0.0663),tensor(0.5501),tensor(-0.0093),tensor(0.2765),tensor(-0.1188),tensor(-0.2637),tensor(1.1514)
tensor(1.2048),tensor(0.0694),tensor(0.6029),tensor(-0.0163),tensor(0.5417),tensor(-0.2966),tensor(0.6202),tensor(0.3360)
tensor(1.2046),tensor(0.0731),tensor(0.5960),tensor(-0.0424),tensor(0.3850),tensor(-0.3084),tensor(0.2414),tensor(0.7595)
tensor(1.2046),tensor(0.0737),tensor(0.4085),tensor(0.0494),tensor(-0.2308),tensor(-0.3113),tensor(-0.6847),tensor(-0.0921)
tensor(1.2049),tensor(0.0715),tensor(0.3618),tensor(0.0366),tensor(-0.3230),tensor(-0.2674),tensor(-0.8850),tensor(0.2039)
tensor(1.2054),tensor(0.0627),tensor(0.1556),tensor(0.0678),tensor(-1.8676),tensor(-1.4659),tensor(-1.7587),tensor(0.5407)
tensor(1.2057),tensor(0.0501),tensor(0.2391),tensor(0.0039),tensor(-1.2905),tensor(-1.2693),tensor(-0.9795),tensor(0.8071)
tensor(1.2052),tensor(0.0393),tensor(0.2874),tensor(-0.1099),tensor(-1.4015),tensor(-1.7573),tensor(-0.4200),tensor(2.1336)
tensor(1.2042),tensor(0.0299),tensor(0.3070),tensor(-0.1235),tensor(-0.9397),tensor(-0.6867),tensor(-1.6112),tensor(3.2874)
tensor(1.2033),tensor(0.0248),tensor(0.4163),tensor(-0.1052),tensor(-0.3437),tensor(-0.4136),tensor(-0.9525),tensor(2.2865)
tensor(1.2024),tensor(0.0199),tensor(0.3350),tensor(-0.1131),tensor(-0.8899),tensor(-0.4121),tensor(-2.0929),tensor(2.4258)
tensor(1.2014),tensor(0.0102),tensor(0.2348),tensor(-0.1418),tensor(-1.5298),tensor(-0.4492),tensor(-3.3044),tensor(2.6449)
tensor(1.2004),tensor(0.0045),tensor(0.4657),tensor(-0.1127),tensor(0.1098),tensor(0.8323),tensor(-2.4201),tensor(2.7434)
tensor(1.1996),tensor(0.0090),tensor(0.6568),tensor(-0.0696),tensor(1.0079),tensor(1.1893),tensor(-1.4372),tensor(2.6978)
tensor(1.1990),tensor(0.0109),tensor(0.5089),tensor(-0.0975),tensor(-0.5397),tensor(0.0327),tensor(-2.5635),tensor(2.9887)
tensor(1.1980),tensor(0.0060),tensor(0.4079),tensor(-0.1515),tensor(-0.6909),tensor(0.6467),tensor(-3.8328),tensor(2.3544)
tensor(1.1969),tensor(0.0045),tensor(0.6299),tensor(-0.1243),tensor(0.3362),tensor(1.1302),tensor(-2.8977),tensor(3.4516)
tensor(1.1958),tensor(0.0016),tensor(0.5552),tensor(-0.1557),tensor(-1.0608),tensor(-0.2707),tensor(-3.3976),tensor(4.2026)
tensor(1.1943),tensor(-0.0131),tensor(0.4070),tensor(-0.2305),tensor(-2.6299),tensor(-1.6497),tensor(-4.0990),tensor(3.9512)
tensor(1.1921),tensor(-0.0321),tensor(0.3935),tensor(-0.3109),tensor(-2.0941),tensor(-0.6010),tensor(-4.7603),tensor(3.5578)
tensor(1.1894),tensor(-0.0467),tensor(0.4798),tensor(-0.3603),tensor(-1.5556),tensor(-0.0316),tensor(-4.8530),tensor(4.5238)
tensor(1.1863),tensor(-0.0601),tensor(0.5026),tensor(-0.4188),tensor(-1.8037),tensor(-0.3846),tensor(-4.8669),tensor(4.9654)
tensor(1.1824),tensor(-0.0800),tensor(0.4017),tensor(-0.5544),tensor(-3.1775),tensor(-1.6062),tensor(-5.6882),tensor(6.1883)
tensor(1.1776),tensor(-0.1096),tensor(0.3502),tensor(-0.6606),tensor(-4.2044),tensor(-2.9111),tensor(-5.4635),tensor(5.8346)
tensor(1.1717),tensor(-0.1458),tensor(0.2116),tensor(-0.8246),tensor(-4.8554),tensor(-3.0005),tensor(-6.6533),tensor(4.3704)
tensor(1.1642),tensor(-0.1901),tensor(0.0520),tensor(-1.0550),tensor(-6.1949),tensor(-4.0847),tensor(-7.5926),tensor(3.3476)
tensor(1.1553),tensor(-0.2358),tensor(0.1438),tensor(-1.1512),tensor(-5.2358),tensor(-3.2511),tensor(-7.0547),tensor(3.2086)
tensor(1.2493),tensor(0.0002),tensor(0.0510),tensor(-0.0869),tensor(0.6636),tensor(0.7869),tensor(-0.0354),tensor(0.3809)
tensor(1.2483),tensor(0.0036),tensor(0.0115),tensor(-0.1490),tensor(0.2431),tensor(0.3129),tensor(-0.0288),tensor(-0.3329)
tensor(1.2469),tensor(0.0027),tensor(-0.1053),tensor(-0.2022),tensor(-0.4449),tensor(0.0636),tensor(-1.0140),tensor(-0.9397)
tensor(1.2449),tensor(-0.0023),tensor(-0.1134),tensor(-0.3041),tensor(-0.8068),tensor(-0.3550),tensor(-1.1037),tensor(0.2197)
tensor(1.2421),tensor(-0.0144),tensor(-0.2496),tensor(-0.3917),tensor(-2.2161),tensor(-1.5266),tensor(-2.0462),tensor(0.9564)
tensor(1.2387),tensor(-0.0378),tensor(-0.3896),tensor(-0.4579),tensor(-3.6294),tensor(-2.9018),tensor(-2.4974),tensor(-0.2509)
tensor(1.2346),tensor(-0.0697),tensor(-0.4475),tensor(-0.5671),tensor(-4.3524),tensor(-3.6310),tensor(-2.7256),tensor(-0.1718)
tensor(1.2296),tensor(-0.1054),tensor(-0.4031),tensor(-0.6964),tensor(-4.5794),tensor(-4.3059),tensor(-2.0351),tensor(0.6178)
tensor(1.2236),tensor(-0.1365),tensor(-0.2425),tensor(-0.7957),tensor(-3.1890),tensor(-3.1744),tensor(-1.1760),tensor(1.5871)
tensor(1.2167),tensor(-0.1663),tensor(-0.2918),tensor(-0.9259),tensor(-4.2743),tensor(-4.5313),tensor(-1.0578),tensor(2.6761)
tensor(1.2096),tensor(-0.1971),tensor(-0.3441),tensor(-0.8340),tensor(-3.4183),tensor(-3.2727),tensor(-1.1710),tensor(2.1774)
tensor(1.2026),tensor(-0.2262),tensor(-0.4594),tensor(-0.9259),tensor(-3.8527),tensor(-3.0371),tensor(-2.4609),tensor(3.7244)
tensor(1.2482),tensor(-0.0034),tensor(0.0328),tensor(-0.0860),tensor(0.1442),tensor(-0.0218),tensor(0.3310),tensor(0.1722)
tensor(1.2473),tensor(-0.0025),tensor(0.0090),tensor(-0.1446),tensor(0.0684),tensor(-0.0588),tensor(0.2961),tensor(-0.7584)
tensor(1.2458),tensor(-0.0050),tensor(-0.0838),tensor(-0.2185),tensor(-0.6916),tensor(-0.5382),tensor(-0.4807),tensor(-0.4893)
tensor(1.2437),tensor(-0.0119),tensor(-0.0509),tensor(-0.3166),tensor(-1.0309),tensor(-1.3419),tensor(0.2143),tensor(0.1419)
tensor(1.2408),tensor(-0.0220),tensor(-0.0844),tensor(-0.3946),tensor(-1.5881),tensor(-2.0350),tensor(0.2892),tensor(0.0106)
tensor(1.2374),tensor(-0.0323),tensor(-0.1123),tensor(-0.4564),tensor(-1.0032),tensor(-0.8274),tensor(-0.6246),tensor(-0.4627)
tensor(1.2335),tensor(-0.0466),tensor(-0.2743),tensor(-0.5241),tensor(-2.5623),tensor(-2.1882),tensor(-1.4562),tensor(-1.0089)
tensor(1.2290),tensor(-0.0727),tensor(-0.4159),tensor(-0.6117),tensor(-3.9550),tensor(-3.4170),tensor(-2.1724),tensor(-1.4584)
tensor(1.2238),tensor(-0.1008),tensor(-0.4383),tensor(-0.6298),tensor(-3.0927),tensor(-2.0194),tensor(-2.6625),tensor(-1.5484)
tensor(1.2193),tensor(-0.1219),tensor(-0.4762),tensor(-0.5109),tensor(-2.1547),tensor(-0.8308),tensor(-2.4743),tensor(-0.0930)
tensor(1.2154),tensor(-0.1378),tensor(-0.4797),tensor(-0.4597),tensor(-1.8284),tensor(-0.7030),tensor(-1.9590),tensor(1.0728)
tensor(1.2120),tensor(-0.1521),tensor(-0.5897),tensor(-0.4148),tensor(-1.7381),tensor(-0.0766),tensor(-2.7492),tensor(1.8571)
tensor(1.2091),tensor(-0.1639),tensor(-0.6800),tensor(-0.3077),tensor(-1.2108),tensor(0.8639),tensor(-3.0625),tensor(1.4466)
tensor(1.2067),tensor(-0.1722),tensor(-0.7760),tensor(-0.3027),tensor(-0.8703),tensor(1.9263),tensor(-4.1569),tensor(2.1272)
tensor(1.2043),tensor(-0.1784),tensor(-0.8597),tensor(-0.3062),tensor(-0.6931),tensor(2.5703),tensor(-4.8081),tensor(2.3186)
tensor(1.2015),tensor(-0.1837),tensor(-0.7608),tensor(-0.3920),tensor(-0.6389),tensor(1.8955),tensor(-3.6441),tensor(3.3563)
tensor(1.1981),tensor(-0.1948),tensor(-0.9540),tensor(-0.4427),tensor(-2.1251),tensor(0.6141),tensor(-4.2263),tensor(2.7405)
tensor(1.1944),tensor(-0.2122),tensor(-1.0520),tensor(-0.4829),tensor(-2.2409),tensor(0.9253),tensor(-4.8380),tensor(2.3988)
tensor(1.2455),tensor(-0.0032),tensor(-0.0499),tensor(-0.0853),tensor(-0.9405),tensor(-1.1398),tensor(0.0340),tensor(0.3097)
tensor(1.2445),tensor(-0.0065),tensor(0.0214),tensor(-0.1716),tensor(0.1138),tensor(0.0985),tensor(0.0288),tensor(0.5129)
tensor(1.2428),tensor(-0.0117),tensor(-0.1377),tensor(-0.2417),tensor(-1.4225),tensor(-1.1573),tensor(-0.9989),tensor(0.7366)
tensor(1.2406),tensor(-0.0257),tensor(-0.2344),tensor(-0.3265),tensor(-2.0864),tensor(-1.4071),tensor(-2.0025),tensor(1.2006)
tensor(1.2375),tensor(-0.0466),tensor(-0.2748),tensor(-0.4287),tensor(-3.1302),tensor(-2.8261),tensor(-1.6826),tensor(1.5567)
tensor(1.2336),tensor(-0.0681),tensor(-0.1378),tensor(-0.5464),tensor(-2.2538),tensor(-2.3432),tensor(-0.7593),tensor(2.8589)
tensor(1.2290),tensor(-0.0841),tensor(-0.1570),tensor(-0.6066),tensor(-1.7339),tensor(-1.3607),tensor(-1.3828),tensor(2.0513)
tensor(1.2239),tensor(-0.0996),tensor(-0.1815),tensor(-0.6755),tensor(-2.1333),tensor(-1.9604),tensor(-1.0839),tensor(1.0265)
tensor(1.2182),tensor(-0.1103),tensor(-0.0019),tensor(-0.7440),tensor(-0.5520),tensor(-0.7701),tensor(0.1400),tensor(1.2341)
tensor(1.2122),tensor(-0.1144),tensor(0.1080),tensor(-0.6975),tensor(-0.4724),tensor(-1.3332),tensor(1.2014),tensor(0.7371)
tensor(1.2073),tensor(-0.1153),tensor(0.1771),tensor(-0.5155),tensor(0.2337),tensor(-0.0178),tensor(0.0947),tensor(0.9809)
tensor(1.2037),tensor(-0.1167),tensor(0.1814),tensor(-0.3921),tensor(-0.5761),tensor(-0.9991),tensor(0.1076),tensor(0.4698)
tensor(1.2010),tensor(-0.1225),tensor(0.1928),tensor(-0.2910),tensor(-0.8841),tensor(-1.2065),tensor(-0.1938),tensor(0.2006)
tensor(1.1990),tensor(-0.1343),tensor(0.1689),tensor(-0.2167),tensor(-2.0599),tensor(-2.4235),tensor(-0.6001),tensor(1.0804)
tensor(1.1975),tensor(-0.1517),tensor(0.1354),tensor(-0.1739),tensor(-2.2957),tensor(-2.2966),tensor(-1.2302),tensor(0.5588)
tensor(1.1962),tensor(-0.1737),tensor(0.1947),tensor(-0.1336),tensor(-3.1921),tensor(-3.7596),tensor(-0.6916),tensor(1.5153)
tensor(1.1952),tensor(-0.1994),tensor(0.2276),tensor(-0.1220),tensor(-3.2214),tensor(-4.0031),tensor(-0.2352),tensor(0.3403)
tensor(1.1944),tensor(-0.2229),tensor(0.3543),tensor(-0.0992),tensor(-2.6545),tensor(-3.9592),tensor(0.8095),tensor(-0.4053)
tensor(1.2467),tensor(-0.0026),tensor(0.0069),tensor(-0.0965),tensor(-0.0197),tensor(-0.0335),tensor(-0.0294),tensor(0.7949)
tensor(1.2457),tensor(-0.0078),tensor(-0.1282),tensor(-0.1784),tensor(-1.2840),tensor(-0.9512),tensor(-1.1281),tensor(1.6277)
tensor(1.2440),tensor(-0.0169),tensor(-0.0711),tensor(-0.2389),tensor(-0.9891),tensor(-1.1121),tensor(-0.1080),tensor(0.1987)
tensor(1.2417),tensor(-0.0268),tensor(-0.0425),tensor(-0.3339),tensor(-1.4819),tensor(-2.1834),tensor(0.7666),tensor(0.5300)
tensor(1.2386),tensor(-0.0338),tensor(0.0536),tensor(-0.4357),tensor(-0.4731),tensor(-1.1546),tensor(1.0034),tensor(1.4545)
tensor(1.2348),tensor(-0.0370),tensor(0.0234),tensor(-0.5060),tensor(-0.3062),tensor(-0.6094),tensor(0.3741),tensor(1.3589)
tensor(1.2306),tensor(-0.0435),tensor(-0.1094),tensor(-0.5559),tensor(-1.3270),tensor(-1.3594),tensor(-0.3871),tensor(0.2316)
tensor(1.2259),tensor(-0.0587),tensor(-0.2379),tensor(-0.6110),tensor(-2.4807),tensor(-2.4014),tensor(-0.8876),tensor(-1.1091)
tensor(1.2206),tensor(-0.0823),tensor(-0.2500),tensor(-0.7126),tensor(-3.3572),tensor(-3.8312),tensor(-0.1522),tensor(-1.2388)
tensor(1.2146),tensor(-0.1108),tensor(-0.2673),tensor(-0.7987),tensor(-3.7823),tensor(-4.5142),tensor(0.2409),tensor(-2.1169)
tensor(1.2081),tensor(-0.1373),tensor(-0.3053),tensor(-0.7446),tensor(-2.8396),tensor(-3.0870),tensor(-0.0611),tensor(-2.7032)
tensor(1.2031),tensor(-0.1635),tensor(-0.5573),tensor(-0.4989),tensor(-3.7846),tensor(-3.9618),tensor(0.1484),tensor(-2.3007)
tensor(1.1999),tensor(-0.1934),tensor(-0.6955),tensor(-0.3135),tensor(-3.6870),tensor(-3.5704),tensor(-0.0792),tensor(-1.4435)
tensor(1.1980),tensor(-0.2188),tensor(-0.7010),tensor(-0.1685),tensor(-2.6694),tensor(-2.3925),tensor(-0.0340),tensor(-0.6988)
tensor(1.2497),tensor(-0.0062),tensor(-0.1146),tensor(-0.0360),tensor(-0.4940),tensor(-0.0090),tensor(-0.9574),tensor(-1.3204)
tensor(1.2490),tensor(-0.0091),tensor(-0.0534),tensor(-0.1312),tensor(-0.2283),tensor(-0.0230),tensor(-0.3915),tensor(-0.8342)
tensor(1.2477),tensor(-0.0119),tensor(-0.0990),tensor(-0.2076),tensor(-0.4727),tensor(-0.0355),tensor(-0.9002),tensor(-0.7242)
tensor(1.2458),tensor(-0.0153),tensor(-0.0950),tensor(-0.2680),tensor(-0.3811),tensor(-0.0360),tensor(-0.6306),tensor(-1.7506)
tensor(1.2434),tensor(-0.0179),tensor(-0.0924),tensor(-0.3214),tensor(-0.2692),tensor(-0.0292),tensor(-0.3026),tensor(-3.1117)
tensor(1.2405),tensor(-0.0209),tensor(-0.1242),tensor(-0.4102),tensor(-0.4748),tensor(-0.0319),tensor(-0.7763),tensor(-2.4795)
tensor(1.2370),tensor(-0.0247),tensor(-0.1531),tensor(-0.4520),tensor(-0.4809),tensor(0.0088),tensor(-0.7350),tensor(-3.6005)
tensor(1.2340),tensor(-0.0265),tensor(-0.1432),tensor(-0.2961),tensor(0.0299),tensor(-0.1359),tensor(0.8759),tensor(-2.9128)
tensor(1.2320),tensor(-0.0258),tensor(-0.0963),tensor(-0.2305),tensor(0.1552),tensor(-0.8435),tensor(2.3426),tensor(-1.9778)
tensor(1.2307),tensor(-0.0216),tensor(-0.1801),tensor(-0.0743),tensor(0.6768),tensor(-0.1886),tensor(2.5435),tensor(-2.5494)
tensor(1.2308),tensor(-0.0197),tensor(-0.4852),tensor(0.1073),tensor(-0.1330),tensor(-0.0043),tensor(0.9942),tensor(-2.5456)
tensor(1.2318),tensor(-0.0242),tensor(-0.6228),tensor(0.1160),tensor(-0.9701),tensor(-0.5095),tensor(0.1118),tensor(-0.9166)
tensor(1.2329),tensor(-0.0318),tensor(-0.7576),tensor(0.1552),tensor(-0.9359),tensor(0.2809),tensor(-1.0847),tensor(-0.3398)
tensor(1.2341),tensor(-0.0340),tensor(-0.6718),tensor(0.1486),tensor(0.3758),tensor(1.5414),tensor(-0.6479),tensor(-0.3798)
tensor(1.2353),tensor(-0.0331),tensor(-0.7480),tensor(0.1615),tensor(-0.2203),tensor(0.7565),tensor(-0.3727),tensor(-0.6260)
tensor(1.2368),tensor(-0.0372),tensor(-0.8622),tensor(0.2123),tensor(-0.7456),tensor(0.2198),tensor(-0.2449),tensor(-1.3085)
tensor(1.2382),tensor(-0.0477),tensor(-1.0013),tensor(0.1297),tensor(-1.8871),tensor(-0.4727),tensor(-1.4685),tensor(0.2591)
tensor(1.2390),tensor(-0.0687),tensor(-1.1758),tensor(0.0457),tensor(-3.3615),tensor(-1.5454),tensor(-2.5655),tensor(1.2321)
tensor(1.2394),tensor(-0.0936),tensor(-1.2122),tensor(0.0599),tensor(-2.8606),tensor(-0.9103),tensor(-2.3661),tensor(0.1635)
tensor(1.2395),tensor(-0.1164),tensor(-1.1632),tensor(-0.0195),tensor(-2.8370),tensor(-1.2958),tensor(-1.7272),tensor(0.4815)
tensor(1.2389),tensor(-0.1391),tensor(-1.2210),tensor(-0.1330),tensor(-2.8478),tensor(-0.6921),tensor(-2.8932),tensor(1.3964)
tensor(1.2376),tensor(-0.1618),tensor(-1.2235),tensor(-0.1995),tensor(-2.8426),tensor(-0.7866),tensor(-2.6679),tensor(1.1922)
tensor(1.2356),tensor(-0.1859),tensor(-1.1736),tensor(-0.3082),tensor(-3.1834),tensor(-1.6811),tensor(-1.8691),tensor(2.0944)
tensor(1.2329),tensor(-0.2152),tensor(-1.2658),tensor(-0.3600),tensor(-4.1246),tensor(-2.8254),tensor(-1.6106),tensor(1.0951)
tensor(1.2507),tensor(0.0019),tensor(0.0266),tensor(-0.0698),tensor(-0.0308),tensor(-0.3970),tensor(0.7168),tensor(-0.9056)
tensor(1.2499),tensor(-0.0025),tensor(-0.0744),tensor(-0.1279),tensor(-1.1394),tensor(-1.5291),tensor(0.4464),tensor(-1.6152)
tensor(1.2487),tensor(-0.0117),tensor(-0.1130),tensor(-0.1815),tensor(-1.1483),tensor(-1.3404),tensor(0.1625),tensor(-2.7398)
tensor(1.2469),tensor(-0.0190),tensor(-0.0885),tensor(-0.2640),tensor(-0.6628),tensor(-0.6831),tensor(-0.0013),tensor(-2.5324)
tensor(1.2445),tensor(-0.0239),tensor(-0.1331),tensor(-0.3348),tensor(-0.5587),tensor(-0.1073),tensor(-0.8212),tensor(-2.5068)
tensor(1.2414),tensor(-0.0245),tensor(-0.0157),tensor(-0.4480),tensor(0.3968),tensor(0.7010),tensor(-0.3459),tensor(-1.0792)
tensor(1.2375),tensor(-0.0188),tensor(-0.0313),tensor(-0.5340),tensor(1.0232),tensor(2.0260),tensor(-1.4704),tensor(-0.2858)
tensor(1.2338),tensor(-0.0158),tensor(-0.2785),tensor(-0.3631),tensor(-0.2737),tensor(0.8670),tensor(-1.5796),tensor(-0.7304)
tensor(1.2312),tensor(-0.0187),tensor(-0.4031),tensor(-0.3135),tensor(-0.4447),tensor(1.2026),tensor(-2.4337),tensor(0.4959)
tensor(1.2284),tensor(-0.0245),tensor(-0.3834),tensor(-0.3828),tensor(-1.0138),tensor(0.0837),tensor(-1.8529),tensor(2.0258)
tensor(1.2250),tensor(-0.0347),tensor(-0.3345),tensor(-0.4687),tensor(-1.5397),tensor(-1.1761),tensor(-0.8843),tensor(3.0076)
tensor(1.2210),tensor(-0.0466),tensor(-0.2595),tensor(-0.5385),tensor(-1.4225),tensor(-1.6339),tensor(0.0675),tensor(3.1831)
tensor(1.2164),tensor(-0.0580),tensor(-0.3011),tensor(-0.5970),tensor(-1.4435),tensor(-1.3804),tensor(-0.4387),tensor(3.2530)
tensor(1.2113),tensor(-0.0702),tensor(-0.2873),tensor(-0.6785),tensor(-1.6131),tensor(-1.7818),tensor(-0.1178),tensor(3.4476)
tensor(1.2059),tensor(-0.0797),tensor(-0.1717),tensor(-0.6034),tensor(-0.7655),tensor(-0.8619),tensor(-0.1709),tensor(3.8595)
tensor(1.2018),tensor(-0.0909),tensor(-0.2207),tensor(-0.4162),tensor(-2.0399),tensor(-2.0444),tensor(-0.7646),tensor(3.3329)
tensor(1.1991),tensor(-0.1090),tensor(-0.2272),tensor(-0.2607),tensor(-2.4885),tensor(-2.1612),tensor(-1.5399),tensor(3.2464)
tensor(1.1975),tensor(-0.1335),tensor(-0.2439),tensor(-0.1650),tensor(-3.6213),tensor(-3.6054),tensor(-1.2702),tensor(2.4458)
tensor(1.1964),tensor(-0.1623),tensor(-0.2646),tensor(-0.1013),tensor(-3.5952),tensor(-2.8774),tensor(-2.5343),tensor(2.8596)
tensor(1.1957),tensor(-0.1919),tensor(-0.2645),tensor(-0.0919),tensor(-3.7864),tensor(-3.1990),tensor(-2.1659),tensor(1.2482)
tensor(1.1949),tensor(-0.2247),tensor(-0.2239),tensor(-0.1017),tensor(-4.4133),tensor(-4.3048),tensor(-1.5594),tensor(1.3528)
tensor(1.2485),tensor(-0.0027),tensor(0.0340),tensor(-0.1075),tensor(0.4707),tensor(0.6824),tensor(-0.3110),tensor(1.3216)
tensor(1.2474),tensor(0.0007),tensor(0.0300),tensor(-0.1706),tensor(0.3309),tensor(0.3675),tensor(0.0200),tensor(0.4491)
tensor(1.2458),tensor(0.0008),tensor(-0.0731),tensor(-0.2197),tensor(-0.3013),tensor(0.0520),tensor(-0.7023),tensor(-0.5239)
tensor(1.2438),tensor(-0.0033),tensor(-0.1305),tensor(-0.2830),tensor(-0.7206),tensor(-0.2440),tensor(-1.0262),tensor(-1.0977)
tensor(1.2412),tensor(-0.0073),tensor(-0.0597),tensor(-0.3664),tensor(-0.2919),tensor(-0.1354),tensor(-0.2913),tensor(-1.2339)
tensor(1.2379),tensor(-0.0088),tensor(-0.0175),tensor(-0.4618),tensor(-0.0875),tensor(-0.0659),tensor(-0.0239),tensor(-0.5456)
tensor(1.2339),tensor(-0.0090),tensor(0.0573),tensor(-0.5282),tensor(0.0244),tensor(-0.6647),tensor(1.3843),tensor(-1.6682)
tensor(1.2295),tensor(-0.0123),tensor(-0.0100),tensor(-0.5801),tensor(-0.8400),tensor(-1.7495),tensor(1.6020),tensor(-3.0587)
tensor(1.2246),tensor(-0.0239),tensor(-0.1687),tensor(-0.6122),tensor(-2.0879),tensor(-2.6830),tensor(0.7050),tensor(-2.2747)
tensor(1.2204),tensor(-0.0419),tensor(-0.3709),tensor(-0.4240),tensor(-2.3605),tensor(-2.4771),tensor(0.2062),tensor(-1.6313)
tensor(1.2178),tensor(-0.0607),tensor(-0.5664),tensor(-0.2242),tensor(-2.3516),tensor(-1.8821),tensor(-0.4316),tensor(-1.4839)
tensor(1.2166),tensor(-0.0797),tensor(-0.6736),tensor(-0.0831),tensor(-2.3859),tensor(-1.9039),tensor(-0.2430),tensor(-1.3372)
tensor(1.2166),tensor(-0.0995),tensor(-0.8143),tensor(0.0761),tensor(-2.5701),tensor(-2.0116),tensor(-0.1273),tensor(-1.7607)
tensor(1.2178),tensor(-0.1172),tensor(-0.8844),tensor(0.2227),tensor(-1.8785),tensor(-1.1060),tensor(-0.0737),tensor(-2.1631)
tensor(1.2198),tensor(-0.1328),tensor(-0.9533),tensor(0.2706),tensor(-1.9997),tensor(-1.2211),tensor(-0.0744),tensor(-1.7208)
tensor(1.2219),tensor(-0.1486),tensor(-0.9611),tensor(0.2402),tensor(-1.9557),tensor(-1.2205),tensor(-0.1001),tensor(-0.8684)
tensor(1.2239),tensor(-0.1627),tensor(-1.0490),tensor(0.2603),tensor(-1.5765),tensor(-0.1781),tensor(-1.0529),tensor(-0.7112)
tensor(1.2258),tensor(-0.1773),tensor(-1.1156),tensor(0.2010),tensor(-2.0803),tensor(-0.5885),tensor(-1.3719),tensor(-0.1739)
tensor(1.2270),tensor(-0.1978),tensor(-1.2016),tensor(0.1173),tensor(-3.0329),tensor(-1.5823),tensor(-1.5452),tensor(0.1858)
tensor(1.2277),tensor(-0.2192),tensor(-1.1187),tensor(0.0447),tensor(-2.3170),tensor(-1.0268),tensor(-1.1292),tensor(0.5641)
tensor(1.2461),tensor(0.0036),tensor(0.0172),tensor(-0.0977),tensor(-0.0034),tensor(-0.0098),tensor(-0.0448),tensor(1.0851)
tensor(1.2450),tensor(0.0034),tensor(0.0076),tensor(-0.1678),tensor(-0.0351),tensor(-0.0283),tensor(-0.0536),tensor(0.6977)
tensor(1.2433),tensor(0.0018),tensor(-0.0403),tensor(-0.2572),tensor(-0.3607),tensor(-0.0647),tensor(-0.7458),tensor(1.6089)
tensor(1.2411),tensor(-0.0029),tensor(-0.1427),tensor(-0.3093),tensor(-0.8209),tensor(-0.0709),tensor(-1.6712),tensor(0.7502)
tensor(1.2382),tensor(-0.0140),tensor(-0.1921),tensor(-0.4089),tensor(-1.9488),tensor(-1.4969),tensor(-1.5520),tensor(1.6321)
tensor(1.2346),tensor(-0.0268),tensor(-0.2348),tensor(-0.4802),tensor(-1.2470),tensor(0.0622),tensor(-2.8676),tensor(1.2578)
tensor(1.2303),tensor(-0.0358),tensor(-0.1715),tensor(-0.5901),tensor(-1.0138),tensor(0.0384),tensor(-2.3866),tensor(2.2890)
tensor(1.2252),tensor(-0.0450),tensor(-0.2027),tensor(-0.6891),tensor(-1.2782),tensor(-0.0724),tensor(-2.7917),tensor(2.8766)
tensor(1.2194),tensor(-0.0517),tensor(-0.1887),tensor(-0.7672),tensor(-0.3961),tensor(1.3002),tensor(-3.3768),tensor(2.4634)
tensor(1.2130),tensor(-0.0539),tensor(-0.1578),tensor(-0.7821),tensor(-0.5410),tensor(0.9369),tensor(-3.0231),tensor(2.3283)
tensor(1.2071),tensor(-0.0634),tensor(-0.2785),tensor(-0.6968),tensor(-1.7669),tensor(0.3337),tensor(-4.3795),tensor(2.3121)
tensor(1.2017),tensor(-0.0802),tensor(-0.3470),tensor(-0.6614),tensor(-2.4053),tensor(-0.0283),tensor(-4.8208),tensor(1.0505)
tensor(1.1968),tensor(-0.0984),tensor(-0.2248),tensor(-0.5806),tensor(-2.1070),tensor(-0.1813),tensor(-4.0018),tensor(0.7218)
tensor(1.1923),tensor(-0.1187),tensor(-0.2031),tensor(-0.5120),tensor(-2.9815),tensor(-1.4733),tensor(-3.6267),tensor(1.2475)
tensor(1.1886),tensor(-0.1436),tensor(-0.1413),tensor(-0.4391),tensor(-3.2399),tensor(-1.9612),tensor(-3.4790),tensor(2.1106)
tensor(1.1852),tensor(-0.1678),tensor(-0.1384),tensor(-0.4169),tensor(-2.8184),tensor(-1.0182),tensor(-4.3002),tensor(2.3945)
tensor(1.1823),tensor(-0.1867),tensor(0.0634),tensor(-0.3027),tensor(-1.8903),tensor(-0.6677),tensor(-3.2765),tensor(2.6373)
tensor(1.1798),tensor(-0.2029),tensor(-0.0267),tensor(-0.3346),tensor(-2.1626),tensor(-0.4711),tensor(-4.0242),tensor(2.0428)
tensor(1.2486),tensor(-0.0008),tensor(-0.1417),tensor(-0.0486),tensor(-0.9644),tensor(-0.4772),tensor(-1.1796),tensor(-0.5340)
tensor(1.2478),tensor(-0.0054),tensor(-0.0277),tensor(-0.1494),tensor(-0.1675),tensor(-0.0226),tensor(-0.3323),tensor(0.0241)
tensor(1.2464),tensor(-0.0054),tensor(-0.0357),tensor(-0.2155),tensor(0.1587),tensor(0.5563),tensor(-0.6526),tensor(-0.4869)
tensor(1.2443),tensor(-0.0068),tensor(-0.0772),tensor(-0.3047),tensor(-0.5043),tensor(-0.1625),tensor(-0.8078),tensor(0.1262)
tensor(1.2416),tensor(-0.0078),tensor(-0.0762),tensor(-0.3617),tensor(0.1894),tensor(0.9193),tensor(-1.2208),tensor(-0.8904)
tensor(1.2384),tensor(-0.0095),tensor(-0.1640),tensor(-0.4457),tensor(-0.5873),tensor(0.3852),tensor(-1.9414),tensor(-0.4939)
tensor(1.2345),tensor(-0.0165),tensor(-0.1342),tensor(-0.5326),tensor(-1.1414),tensor(-0.8328),tensor(-0.9186),tensor(-0.3806)
tensor(1.2299),tensor(-0.0249),tensor(-0.1561),tensor(-0.6182),tensor(-0.9424),tensor(-0.2571),tensor(-1.5597),tensor(-0.1011)
tensor(1.2249),tensor(-0.0343),tensor(-0.2922),tensor(-0.5845),tensor(-1.4158),tensor(-0.3561),tensor(-2.1225),tensor(0.6148)
tensor(1.2203),tensor(-0.0481),tensor(-0.3373),tensor(-0.5822),tensor(-2.0247),tensor(-1.3187),tensor(-1.6332),tensor(1.7437)
tensor(1.2158),tensor(-0.0617),tensor(-0.4060),tensor(-0.5580),tensor(-1.3884),tensor(-0.0091),tensor(-2.5214),tensor(2.3247)
tensor(1.2117),tensor(-0.0758),tensor(-0.6050),tensor(-0.4488),tensor(-2.1223),tensor(-0.3967),tensor(-2.9595),tensor(1.6594)
tensor(1.2082),tensor(-0.0895),tensor(-0.5644),tensor(-0.4434),tensor(-1.3106),tensor(0.3774),tensor(-2.6772),tensor(2.1088)
tensor(1.2043),tensor(-0.1025),tensor(-0.5400),tensor(-0.5238),tensor(-1.9316),tensor(-0.8687),tensor(-1.9021),tensor(3.0587)
tensor(1.1998),tensor(-0.1205),tensor(-0.6116),tensor(-0.5575),tensor(-2.5966),tensor(-0.9963),tensor(-3.1839),tensor(4.1014)
tensor(1.1957),tensor(-0.1436),tensor(-0.5906),tensor(-0.4562),tensor(-3.1922),tensor(-1.4886),tensor(-3.7339),tensor(4.7947)
tensor(1.1927),tensor(-0.1700),tensor(-0.4728),tensor(-0.3166),tensor(-3.4086),tensor(-2.3030),tensor(-2.9045),tensor(4.5752)
tensor(1.1903),tensor(-0.1997),tensor(-0.4825),tensor(-0.2736),tensor(-4.0136),tensor(-3.0726),tensor(-2.6849),tensor(3.2263)
tensor(1.1885),tensor(-0.2295),tensor(-0.3577),tensor(-0.1857),tensor(-3.4303),tensor(-2.6484),tensor(-2.3999),tensor(3.4135)
tensor(1.2500),tensor(0.0011),tensor(0.0770),tensor(-0.1002),tensor(0.3404),tensor(-0.0140),tensor(0.7108),tensor(0.6088)
tensor(1.2488),tensor(-1.4766e-05),tensor(0.0129),tensor(-0.2006),tensor(-0.6058),tensor(-0.9252),tensor(0.2464),tensor(2.0627)
tensor(1.2470),tensor(-0.0076),tensor(-0.0781),tensor(-0.2486),tensor(-1.2917),tensor(-1.4697),tensor(-0.1586),tensor(0.8525)
tensor(1.2446),tensor(-0.0137),tensor(0.0146),tensor(-0.3565),tensor(-0.2353),tensor(-0.2916),tensor(-0.1102),tensor(2.0796)
tensor(1.2415),tensor(-0.0196),tensor(-0.0583),tensor(-0.4222),tensor(-1.2408),tensor(-1.4783),tensor(-0.0697),tensor(1.4723)
tensor(1.2377),tensor(-0.0276),tensor(-0.0871),tensor(-0.5155),tensor(-0.7653),tensor(-0.2430),tensor(-1.3774),tensor(2.7205)
tensor(1.2332),tensor(-0.0329),tensor(-0.0106),tensor(-0.6245),tensor(-0.5622),tensor(-0.4318),tensor(-0.6489),tensor(3.7886)
tensor(1.2279),tensor(-0.0348),tensor(0.0307),tensor(-0.6857),tensor(0.1005),tensor(0.2526),tensor(-0.4130),tensor(2.9066)
tensor(1.2227),tensor(-0.0372),tensor(0.0379),tensor(-0.5718),tensor(-0.7195),tensor(-0.7940),tensor(-0.4319),tensor(2.6086)
tensor(1.2187),tensor(-0.0427),tensor(0.0362),tensor(-0.4241),tensor(-0.6479),tensor(-0.3164),tensor(-1.1138),tensor(1.4899)
tensor(1.2159),tensor(-0.0457),tensor(0.0754),tensor(-0.2982),tensor(-0.1081),tensor(0.7456),tensor(-1.9451),tensor(1.3568)
tensor(1.2141),tensor(-0.0402),tensor(0.3454),tensor(-0.1334),tensor(1.4730),tensor(1.9413),tensor(-1.2039),tensor(2.1196)
tensor(1.2134),tensor(-0.0255),tensor(0.3605),tensor(-0.0626),tensor(2.2041),tensor(3.2051),tensor(-1.8112),tensor(0.7368)
tensor(1.2131),tensor(-0.0124),tensor(0.2564),tensor(-0.0151),tensor(0.6340),tensor(1.8515),tensor(-2.7166),tensor(1.6370)
tensor(1.2131),tensor(-0.0108),tensor(0.2848),tensor(0.0256),tensor(-0.0919),tensor(0.5214),tensor(-1.8264),tensor(0.9586)
tensor(1.2132),tensor(-0.0159),tensor(0.1367),tensor(-0.0061),tensor(-1.1268),tensor(-0.0864),tensor(-2.6594),tensor(-0.1712)
tensor(1.2130),tensor(-0.0292),tensor(0.0399),tensor(-0.0503),tensor(-2.2051),tensor(-1.2735),tensor(-2.5900),tensor(-1.5712)
tensor(1.2123),tensor(-0.0448),tensor(0.1100),tensor(-0.1237),tensor(-1.6717),tensor(-0.8783),tensor(-2.1584),tensor(-1.2320)
tensor(1.2112),tensor(-0.0543),tensor(0.2425),tensor(-0.1637),tensor(-0.7424),tensor(-0.4713),tensor(-0.9382),tensor(-1.9767)
tensor(1.2097),tensor(-0.0590),tensor(0.3523),tensor(-0.1934),tensor(-0.4352),tensor(-0.8896),tensor(0.3810),tensor(-2.5540)
tensor(1.2079),tensor(-0.0670),tensor(0.2995),tensor(-0.2508),tensor(-1.5633),tensor(-2.0717),tensor(-0.0148),tensor(-1.3349)
tensor(1.2057),tensor(-0.0795),tensor(0.2399),tensor(-0.3139),tensor(-1.5568),tensor(-1.6283),tensor(-0.6950),tensor(-2.2525)
tensor(1.2028),tensor(-0.0972),tensor(0.0769),tensor(-0.3462),tensor(-2.8530),tensor(-2.6722),tensor(-1.3821),tensor(-1.8068)
tensor(1.2005),tensor(-0.1209),tensor(0.1374),tensor(-0.2553),tensor(-3.0924),tensor(-3.8011),tensor(-0.0017),tensor(-0.5677)
tensor(1.1992),tensor(-0.1397),tensor(0.1884),tensor(-0.0672),tensor(-1.5869),tensor(-2.4564),tensor(0.9034),tensor(-1.2879)
tensor(1.1992),tensor(-0.1552),tensor(0.0355),tensor(0.0865),tensor(-2.3016),tensor(-3.2802),tensor(1.1951),tensor(-1.9281)
tensor(1.2002),tensor(-0.1731),tensor(0.0683),tensor(0.1434),tensor(-2.1607),tensor(-3.7505),tensor(2.2952),tensor(-1.6339)
tensor(1.2019),tensor(-0.1870),tensor(0.0877),tensor(0.2749),tensor(-1.3355),tensor(-3.1862),tensor(3.1280),tensor(-2.4071)
tensor(1.2037),tensor(-0.1998),tensor(0.1433),tensor(0.1647),tensor(-1.8618),tensor(-4.4923),tensor(4.1288),tensor(-1.0929)
tensor(1.2049),tensor(-0.2146),tensor(0.2101),tensor(0.1334),tensor(-1.8339),tensor(-5.2961),tensor(5.5567),tensor(-1.7194)
tensor(1.2491),tensor(0.0008),tensor(0.0183),tensor(-0.0804),tensor(0.1360),tensor(0.0098),tensor(0.3132),tensor(-0.3056)
tensor(1.2483),tensor(0.0001),tensor(-0.0764),tensor(-0.1355),tensor(-0.3095),tensor(-0.0104),tensor(-0.5666),tensor(-0.9227)
tensor(1.2470),tensor(-0.0047),tensor(-0.2110),tensor(-0.1797),tensor(-0.9049),tensor(0.0005),tensor(-1.7895),tensor(-2.0156)
tensor(1.2451),tensor(-0.0103),tensor(-0.1135),tensor(-0.2899),tensor(-0.4810),tensor(0.0090),tensor(-0.9618),tensor(-0.9861)
tensor(1.2424),tensor(-0.0181),tensor(-0.1317),tensor(-0.3886),tensor(-1.4744),tensor(-1.4645),tensor(-0.4663),tensor(-0.1607)
tensor(1.2390),tensor(-0.0252),tensor(-0.0648),tensor(-0.4716),tensor(-0.3022),tensor(0.0142),tensor(-0.6560),tensor(0.0071)
tensor(1.2348),tensor(-0.0259),tensor(-0.0290),tensor(-0.5769),tensor(0.1290),tensor(0.6124),tensor(-0.9132),tensor(1.3317)
tensor(1.2297),tensor(-0.0272),tensor(-0.0716),tensor(-0.6772),tensor(-0.4590),tensor(0.0920),tensor(-1.3012),tensor(2.4132)
tensor(1.2241),tensor(-0.0320),tensor(-0.1593),tensor(-0.7452),tensor(-0.7454),tensor(0.3022),tensor(-2.2630),tensor(1.8768)
tensor(1.2177),tensor(-0.0340),tensor(-0.0727),tensor(-0.8515),tensor(-0.1486),tensor(0.7176),tensor(-1.8125),tensor(3.0053)
tensor(1.2105),tensor(-0.0389),tensor(-0.1368),tensor(-0.9545),tensor(-1.0652),tensor(-0.2049),tensor(-2.1577),tensor(3.9127)
tensor(1.2036),tensor(-0.0500),tensor(-0.1707),tensor(-0.7394),tensor(-1.7317),tensor(-0.1521),tensor(-3.8021),tensor(4.7314)
tensor(1.1985),tensor(-0.0696),tensor(-0.3150),tensor(-0.5527),tensor(-3.1539),tensor(-1.2337),tensor(-4.5347),tensor(3.6752)
tensor(1.1946),tensor(-0.0951),tensor(-0.3567),tensor(-0.4267),tensor(-3.2175),tensor(-0.9074),tensor(-5.0734),tensor(2.9406)
tensor(1.1914),tensor(-0.1242),tensor(-0.3427),tensor(-0.3834),tensor(-4.0682),tensor(-1.8616),tensor(-5.3108),tensor(3.7485)
tensor(1.1883),tensor(-0.1612),tensor(-0.3922),tensor(-0.4128),tensor(-5.1669),tensor(-2.7292),tensor(-6.1563),tensor(4.7217)
tensor(1.1847),tensor(-0.2070),tensor(-0.4566),tensor(-0.5043),tensor(-6.2906),tensor(-3.9724),tensor(-6.1273),tensor(3.8190)
tensor(1.2523),tensor(-0.0063),tensor(-0.0329),tensor(-0.0727),tensor(-0.4798),tensor(-0.5597),tensor(-0.0265),tensor(0.0501)
tensor(1.2515),tensor(-0.0105),tensor(-0.1142),tensor(-0.1296),tensor(-0.5510),tensor(-0.0425),tensor(-1.0844),tensor(-0.5436)
tensor(1.2501),tensor(-0.0176),tensor(-0.1955),tensor(-0.2278),tensor(-1.2259),tensor(-0.3530),tensor(-2.0510),tensor(0.6956)
tensor(1.2480),tensor(-0.0286),tensor(-0.1443),tensor(-0.3000),tensor(-1.5236),tensor(-1.4362),tensor(-0.6526),tensor(-0.2417)
tensor(1.2452),tensor(-0.0460),tensor(-0.2341),tensor(-0.3974),tensor(-2.8146),tensor(-2.8266),tensor(-0.9307),tensor(0.3343)
tensor(1.2417),tensor(-0.0664),tensor(-0.1834),tensor(-0.4770),tensor(-2.3066),tensor(-2.4272),tensor(-0.5420),tensor(-0.0379)
tensor(1.2375),tensor(-0.0886),tensor(-0.2486),tensor(-0.5911),tensor(-3.2432),tensor(-3.3680),tensor(-0.9007),tensor(0.8753)
tensor(1.2323),tensor(-0.1202),tensor(-0.3853),tensor(-0.7093),tensor(-4.6436),tensor(-4.5648),tensor(-1.7386),tensor(1.0326)
tensor(1.2262),tensor(-0.1566),tensor(-0.3346),tensor(-0.8129),tensor(-4.4594),tensor(-4.6804),tensor(-1.1216),tensor(0.9229)
tensor(1.2191),tensor(-0.1934),tensor(-0.4023),tensor(-0.9557),tensor(-4.7292),tensor(-4.3492),tensor(-2.3980),tensor(2.3193)
tensor(1.2112),tensor(-0.2269),tensor(-0.3380),tensor(-1.0235),tensor(-3.6580),tensor(-3.0685),tensor(-2.4130),tensor(2.3100)
tensor(1.2484),tensor(-0.0102),tensor(-0.1706),tensor(-0.0608),tensor(-1.5835),tensor(-1.3020),tensor(-1.0387),tensor(0.0239)
tensor(1.2476),tensor(-0.0272),tensor(-0.2803),tensor(-0.1304),tensor(-2.6657),tensor(-2.2854),tensor(-1.5390),tensor(-0.4700)
tensor(1.2463),tensor(-0.0495),tensor(-0.2658),tensor(-0.2015),tensor(-2.9095),tensor(-2.9820),tensor(-0.7084),tensor(-1.6859)
tensor(1.2443),tensor(-0.0683),tensor(-0.1643),tensor(-0.2940),tensor(-1.7984),tensor(-1.8770),tensor(-0.3644),tensor(-1.2199)
tensor(1.2416),tensor(-0.0856),tensor(-0.2757),tensor(-0.3864),tensor(-2.5227),tensor(-2.1049),tensor(-1.5297),tensor(-0.8076)
tensor(1.2381),tensor(-0.1023),tensor(-0.2398),tensor(-0.4743),tensor(-1.6616),tensor(-0.8431),tensor(-2.0214),tensor(-0.2045)
tensor(1.2339),tensor(-0.1186),tensor(-0.3541),tensor(-0.5878),tensor(-2.3988),tensor(-1.0116),tensor(-3.3543),tensor(0.6148)
tensor(1.2289),tensor(-0.1335),tensor(-0.3329),tensor(-0.6280),tensor(-1.3367),tensor(0.4880),tensor(-3.6949),tensor(0.7112)
tensor(1.2243),tensor(-0.1498),tensor(-0.5784),tensor(-0.5241),tensor(-2.7252),tensor(-0.7464),tensor(-3.7628),tensor(0.7748)
tensor(1.2202),tensor(-0.1727),tensor(-0.6926),tensor(-0.5093),tensor(-3.0075),tensor(-0.7066),tensor(-4.2234),tensor(1.7532)
tensor(1.2162),tensor(-0.2021),tensor(-0.8752),tensor(-0.5081),tensor(-4.3383),tensor(-1.9813),tensor(-4.4452),tensor(2.0119)
tensor(1.2483),tensor(0.0028),tensor(0.0368),tensor(-0.0762),tensor(0.6498),tensor(0.7879),tensor(-0.0178),tensor(-0.3885)
tensor(1.2473),tensor(0.0061),tensor(0.0172),tensor(-0.1615),tensor(0.2381),tensor(0.2900),tensor(-0.0212),tensor(0.0180)
tensor(1.2457),tensor(0.0072),tensor(0.0033),tensor(-0.2392),tensor(0.0427),tensor(0.0746),tensor(-0.0501),tensor(0.0428)
tensor(1.2434),tensor(0.0060),tensor(-0.0457),tensor(-0.3298),tensor(-0.3321),tensor(-0.0300),tensor(-0.7297),tensor(1.0261)
tensor(1.2406),tensor(9.3095e-05),tensor(-0.1266),tensor(-0.3822),tensor(-1.1334),tensor(-0.8474),tensor(-0.8920),tensor(-0.0413)
tensor(1.2373),tensor(-0.0097),tensor(-0.2371),tensor(-0.4337),tensor(-1.3173),tensor(-0.3093),tensor(-2.2062),tensor(-0.9868)
tensor(1.2336),tensor(-0.0184),tensor(-0.2812),tensor(-0.4924),tensor(-1.1344),tensor(0.2577),tensor(-2.7624),tensor(-2.1721)
tensor(1.2293),tensor(-0.0281),tensor(-0.2786),tensor(-0.5978),tensor(-1.2777),tensor(0.0899),tensor(-2.8162),tensor(-1.3253)
tensor(1.2243),tensor(-0.0377),tensor(-0.2688),tensor(-0.6125),tensor(-1.1122),tensor(0.0509),tensor(-2.2979),tensor(0.4017)
tensor(1.2198),tensor(-0.0490),tensor(-0.3520),tensor(-0.5067),tensor(-1.7143),tensor(-1.0308),tensor(-1.3324),tensor(0.5874)
tensor(1.2158),tensor(-0.0656),tensor(-0.4970),tensor(-0.5260),tensor(-2.4349),tensor(-1.2564),tensor(-2.3807),tensor(2.2235)
tensor(1.2114),tensor(-0.0867),tensor(-0.5795),tensor(-0.5645),tensor(-2.8257),tensor(-1.4105),tensor(-2.8892),tensor(3.1876)
tensor(1.2071),tensor(-0.1073),tensor(-0.6855),tensor(-0.5196),tensor(-2.3383),tensor(-0.2255),tensor(-3.7227),tensor(2.8394)
tensor(1.2028),tensor(-0.1276),tensor(-0.7716),tensor(-0.5673),tensor(-2.7270),tensor(-0.3745),tensor(-4.1934),tensor(3.3803)
tensor(1.1978),tensor(-0.1551),tensor(-0.9008),tensor(-0.6416),tensor(-4.1870),tensor(-1.5552),tensor(-5.1200),tensor(4.2780)
tensor(1.1929),tensor(-0.1896),tensor(-0.9203),tensor(-0.5982),tensor(-4.4133),tensor(-1.7198),tensor(-5.1950),tensor(3.6847)
tensor(1.1882),tensor(-0.2283),tensor(-1.0151),tensor(-0.5709),tensor(-5.2680),tensor(-2.8031),tensor(-4.7603),tensor(2.5218)
tensor(1.2475),tensor(0.0025),tensor(0.0239),tensor(-0.0772),tensor(-0.1277),tensor(-0.5087),tensor(0.6744),tensor(-0.4011)
tensor(1.2467),tensor(-0.0010),tensor(-0.0443),tensor(-0.1433),tensor(-0.7216),tensor(-0.9844),tensor(0.2861),tensor(-0.7158)
tensor(1.2453),tensor(-0.0058),tensor(-0.1019),tensor(-0.1942),tensor(-0.4870),tensor(-0.1774),tensor(-0.6192),tensor(-1.6223)
tensor(1.2433),tensor(-0.0103),tensor(-0.1123),tensor(-0.2974),tensor(-0.6441),tensor(-0.1993),tensor(-1.0053),tensor(-0.2900)
tensor(1.2406),tensor(-0.0102),tensor(0.0301),tensor(-0.3958),tensor(0.6884),tensor(0.9307),tensor(-0.2350),tensor(0.1737)
tensor(1.2371),tensor(-0.0016),tensor(0.1359),tensor(-0.4634),tensor(1.4439),tensor(1.1686),tensor(1.0391),tensor(-1.0852)
tensor(1.2331),tensor(0.0073),tensor(0.0042),tensor(-0.5333),tensor(0.5423),tensor(0.7832),tensor(-0.2115),tensor(-0.8245)
tensor(1.2285),tensor(0.0101),tensor(0.0115),tensor(-0.6335),tensor(0.2021),tensor(0.2496),tensor(-0.0408),tensor(0.2099)
tensor(1.2232),tensor(0.0062),tensor(-0.1580),tensor(-0.6746),tensor(-1.1852),tensor(-0.7929),tensor(-1.0533),tensor(-0.2987)
tensor(1.2183),tensor(-0.0045),tensor(-0.3434),tensor(-0.5442),tensor(-1.4650),tensor(-0.4998),tensor(-1.7640),tensor(0.3664)
tensor(1.2145),tensor(-0.0122),tensor(-0.2999),tensor(-0.4228),tensor(-0.3210),tensor(0.2813),tensor(-0.5861),tensor(-0.0818)
tensor(1.2118),tensor(-0.0174),tensor(-0.4491),tensor(-0.2525),tensor(-0.9765),tensor(-0.5899),tensor(-0.0592),tensor(-0.7782)
tensor(1.2097),tensor(-0.0197),tensor(-0.3209),tensor(-0.2745),tensor(0.3975),tensor(0.5474),tensor(0.5473),tensor(0.2857)
tensor(1.2077),tensor(-0.0211),tensor(-0.5042),tensor(-0.2349),tensor(-0.7468),tensor(-0.2962),tensor(-0.1949),tensor(0.7312)
tensor(1.2056),tensor(-0.0265),tensor(-0.4667),tensor(-0.2623),tensor(-0.6080),tensor(-0.3074),tensor(-0.0365),tensor(1.4981)
tensor(1.2039),tensor(-0.0316),tensor(-0.4850),tensor(-0.1767),tensor(-0.6852),tensor(-0.0237),tensor(-0.7474),tensor(1.6723)
tensor(1.2027),tensor(-0.0425),tensor(-0.5620),tensor(-0.1156),tensor(-2.0280),tensor(-1.2680),tensor(-1.3877),tensor(2.2750)
tensor(1.2021),tensor(-0.0545),tensor(-0.4287),tensor(-0.0293),tensor(-0.9848),tensor(-0.1445),tensor(-1.4044),tensor(2.6138)
tensor(1.2023),tensor(-0.0575),tensor(-0.2703),tensor(0.0735),tensor(0.2362),tensor(1.1324),tensor(-1.3853),tensor(3.1170)
tensor(1.2029),tensor(-0.0619),tensor(-0.4457),tensor(0.0722),tensor(-1.3336),tensor(-0.0791),tensor(-2.2587),tensor(2.0311)
tensor(1.2035),tensor(-0.0747),tensor(-0.4240),tensor(0.0690),tensor(-1.8667),tensor(-1.2466),tensor(-1.1629),tensor(0.6824)
tensor(1.2040),tensor(-0.0925),tensor(-0.4194),tensor(0.0437),tensor(-2.5657),tensor(-2.4977),tensor(-0.3204),tensor(-0.0986)
